критик;издание
Адамович Г.В.;Звено
Адамович Г.В.;Последние новости
Адамович Г.В.;Числа
Адамович Г.В.;Встречи
Адамович Г.В.;Современные записки
Адамович Г.В.;Дни
Айхенвальд Ю.И.;Сегодня
Айхенвальд Ю.И.;Руль
Айхенвальд Ю.И.;Новая русская книга
Алданов М.А.;Современные записки
Алданов М.А.;Дни
Алданов М.А.;Последние новости
Алданов М.А.;Сегодня
Бем А.;Руль
Бем А.;Молва
Бем А.;Меч
Берберова Н.Н.;Современные записки
Берберова Н.Н.;Последние новости
Берберова Н.Н.;Возрождение
Бицилли П.;Современные записки
Бицилли П.;Звено
Бицилли П.;Числа
Бицилли П.;Болгарская мысль
Вейдле В.В.;Современные записки
Вейдле В.В.;Новый град
Вейдле В.В.;Последние новости
Вейдле В.В.;Возрождение
Вейдле В.В.;Числа
Вейдле В.В.;Встречи
Вейдле В.В.;Звено
Гиппиус З.;Современные записки
Гиппиус З.;Последние новости
Гиппиус З.;Возрождение
Мандельштам Ю.;Числа
Мандельштам Ю.;Возрождение
Мандельштам Ю.;Круг
Мандельштам Ю.;Меч
Мандельштам Ю.;La revue de France
Мочульский К.;Современные записки
Мочульский К.;Русская мысль
Мочульский К.;Последние новости
Мочульский К.;Звено
Мочульский К.;Числа
Мочульский К.;Круг
Мочульский К.;Новый град
Мочульский К.;Звено
Мочульский К.;Благонамеренный
Осоргин М.;Современные записки
Осоргин М.;Дни
Осоргин М.;Последние новости
Оцуп Н.;Современные записки
Оцуп Н.;Числа
Пильский П.;Последние новости (Таллин)
Пильский П.;Сегодня
Святополк-Мирский Д.;Современные записки
Святополк-Мирский Д.;Воля России
Святополк-Мирский Д.;Звено
Святополк-Мирский Д.;Благонамеренный
Святополк-Мирский Д.;Версты
Слоним М.;Воля России
Слоним М.;Дни
Слоним М.;Числа
Степун Ф.;Современные записки
Степун Ф.;Новый град
Терапиано Ю.;Дни
Терапиано Ю.;Современные записки
Терапиано Ю.;Последние новости
Ходасевич В.Ф.;Современные записки
Ходасевич В.Ф.;Возрождение
Ходасевич В.Ф.;Дни
Ходасевич В.Ф.;Последние новости