number ;author_in_publication;author_real_name ;text;name;city;type;political_orientation;issue ;year_publ_in_emigration;date_publ_in_emigration;taken_from;description ;peculiarity;name_part;pages;year_first_in_russia;date_publ_in_russia;name_in_russia;issue_russia;source 
;Бабель И.Э.;;История моей голубятни;Версты;Париж;журнал;;№1;1926;;"Изд. Земля и Фабрика. Москва — Ленинград. 
";проза ;;;58—67;;;;;
;Белый А.;;Москва под ударом;Версты;Париж;журнал;;№2;1927;;;проза ;отрывок;Москва под ударом;104—114;;;;;
;Веселый А.;;Вольница;Версты;Париж;журнал;;№1;1926;;«Леф» No 1 (5) ;проза ;;;68—81;1925;;;;
;Веселый А.;;Страна Родная;Версты;Париж;журнал;;№2;1927;;;проза ;отрывок (глава);Восстание;84—92;;;;;
;Есенин С.А. ;;Какая ночь! Я не могу;Версты;Париж;журнал;;№1;1926;;«Новый мир»  №2, Москва;стихи;полный текст;;7—8;1926;;;;
;Есенин С.А. ;;Не гляди на меня с упреком;Версты;Париж;журнал;;№1;1926;;«Новый мир»  №2, Москва;стихи;полный текст;;8—9;1926;;;;
;Есенин С.А. ;;Ты меня не любишь, не жалеешь;Версты;Париж;журнал;;№1;1926;;«Новый мир»  №2, Москва;стихи;полный текст;;9—10;1926;;;;
;Есенин С.А. ;;Может поздно, может слишком рано ;Версты;Париж;журнал;;№1;1926;;«Новый мир»  №2, Москва;стихи;полный текст;;10—11;1926;;;;
;Пастернак Б.Л.;;1905 год ;Версты;Париж;журнал;;№1;1926;;«Новый мир»  №2, Москва;стихи;отрывок;Потемкин ;20—22;1926;;;;
;Сельвинский И.Л.;;Казнь стецюры;Версты;Париж;журнал;;№1;1926;;Сборник литературного центра конструктивистов, Москва-Ленинград;стихи (новелла);;;23—26;;;;;
;Сельвинский И.Л.;;Казачья походная;Версты;Париж;журнал;;№1;1926;;"Лит. Центр. Констр. Госплан Литературы 
Москва, изд-во «Кругъ» 
";стихи;;;27;;;;;
;Сельвинский И.Л.;;Цыганская ;Версты;Париж;журнал;;№1;1926;;"Мена всех Поэты конструктивисты 
Москва 
";стихи;;;28;1924;;;;
;Сельвинский И.Л.;;Цыганский вальс на гитаре ;Версты;Париж;журнал;;№1;1926;;"Мена всех Поэты конструктивисты 
Москва ";стихи;;;29;1924;;;;
;Тынянов Ю. ;;Кюхля;Версты;Париж;журнал;; №2;1927;;;проза ;отрывок;Конец;92—104;;;;;
;Ахматова Анна;;Земной отрадой сердца не томи;Накануне ;Берлин;Литературное приложение ;;№29(№1);1922;30.04.;;стихи;;;1;;;;;
;Ахматова Анна;;Как мог ты, сильный и свободный;Накануне ;Берлин;Литературное приложение ;;№29(№1);1922;30.04.;;стихи;;;1;;;;;
;Серго Кезели;;Я знаю;Накануне;Берлин;Литературное приложение ;;№29(№1);1922;30.04.;;стихи;;;1;;;;;
;Мариенгоф Анатоль;;Без шляпы;Накануне;Берлин;Литературное приложение ;;№34(№2);1922;07.05.;;стихи;отрывок;;1;;;;;
;Короленко В.Г.;;Письма В. Г.  Короленко — М. Горькому;Накануне;Берлин;Литературное приложение ;;№34(№2);1922;07.05.;;проза ;;;4;Время написания—27 июля 1921;;;;
;Есенин Сергей;;Все живое особой метой;Накануне;Берлин;Литературное приложение ;;№40 (№3);1922;14.05.;;стихи;;;1;;;;;«переданы сегодня 11-го мая, в 1 ч.дня автором вылетевшим вчера в 9 час утра из Москва на аэроплане»
;Есенин Сергей;;;Накануне;Берлин;Литературное приложение ;;№40 (№3);1922;14.05.;;стихи;;;1;;;;;«переданы сегодня 11-го мая, в 1 ч.дня автором вылетевшим вчера в 9 час утра из Москва на аэроплане»
;Розанов В.В. ;;Из писем В. В. Розанова;Накануне;Берлин;Литературное приложение ;;№40 (№3);1922;14.05.;;эго-документ;;;1—4;;;;;
;Пильняк Борис;;Отрывок без названия;Накануне;Берлин;Литературное приложение ;;№40 (№3);1922;14.05.;;проза ;;;7;;;;;Москва, апрель 1922
;Есенин Сергей;;Сторона ты моя, сторона;Накануне;Берлин;Литературное приложение ;;№46 (№4);1922;21.05.;;стихи;;;1;;;;;
;Короленко В.Г.;;Письма В. Г.  Короленко — М. Горькому;Накануне;Берлин;Литературное приложение ;;№46 (№4);1922;21.05.;;стихи;;;3—4;;;;;
;Мандельштам О.;;Люблю под сводами седыя тишины;Накануне;Берлин;Литературное приложение ;;№51(№5);1922;28.05.;;стихи;;;;;;;;
;Пильняк Борис;;В охотничьем избе;Накануне;Берлин;Литературное приложение ;;№51(№5);1922;28.05.;;проза;;;1—3;;;;;
;Орешин Петр;;Голод;Накануне;Берлин;Литературное приложение ;;№57(№6);1922;04.06.;;стихи;;;1—2;;;;;Москва, 23.1.22
;Чуковский К. И.;;Письмо К. И. Чуковского А. Н. Толстому;Накануне;Берлин;Литературное приложение ;;№57(№6);1922;04.06.;;эго-документ;;;2—3;;;;;
;Чуковский Николай;;Птенцов щеглах в крыльях прячет;Накануне;Берлин;Литературное приложение ;;№57(№6);1922;04.06.;;стихи;;;3;;;;;
Посмотреть ОТТо…;Чуковский Николай;;Засыпает сторож в будке;Накануне;Берлин;Литературное приложение ;;№57(№6);1922;04.06.;;стихи;;;3;;;;;
;Мариенгоф А.;;Другу на прощанье;Накануне;Берлин;Литературное приложение ;;№62(№7);1922;11.06.;;стихи;;;1;;;;;
;Кусиков Александр;;Глаза слепые;Накануне;Берлин;Литературное приложение ;;№62(№7);1922;11.06.;;стихи;;;1;;;;;Москва 1920
;Иванов Вс. ;;Дитё;Накануне;Берлин;Литературное приложение ;;№62(№7);1922;11.06.;;проза;;;2—4;;;;;
;Орешин Петр;;Золотой чернозем;Накануне;Берлин;Литературное приложение ;;№69(№8);1922;18.06.;;стихи;;;;;;;;
;Мандельштам О.;;Умывался ночью на дворе;Накануне;Берлин;Литературное приложение ;;№69(№8);1922;18.06.;;стихи;;;;;;;;
;Федин Константин;;Сад;Накануне;Берлин;Литературное приложение ;;№69(№8);1922;18.06.;;проза;;;2—4;;;;;Рассказ Конст. Федина «сад» удостоен первой премии на литературном конкурсе Дома Литераторов, в Петербург, в 1921 году (подпись Петербург, 1919-20гг
;Булгаков Михаил;;Записки на манжетах;Накануне;Берлин;Литературное приложение ;;№69(№8);1922;18.06.;;проза;;;5—7;;;;;
;Мандельштам О.;;Я в хоровод теней, топтавших нежный луг;Накануне;Берлин;Литературное приложение ;;№74(№9);1922;25.06.;;стихи;;;1;;;;;
;Катаев Валентин;;Самогон;Накануне;Берлин;Литературное приложение ;;№74(№9);1922;25.06.;;стихи;;;1;;;;;Москва, 1922
;Неверов А.;;Страшные вести;Накануне;Берлин;Литературное приложение ;;№74(№9);1922;25.06.;;проза;;;2—3;;;;;
;Никитин Н. ;;О кобыльем яйце и коте-агенте;Накануне;Берлин;Литературное приложение ;;№82(№9);1922;16.07.;;проза;;;1;;;;;
;Катаев Валентин;;В осажденном городе;Накануне;Берлин;Литературное приложение ;;№82(№9);1922;16.07.;;;;;;;;;;
;Мандельштам О.;;С розовой пеной усталость у мягких губ;Накануне;Берлин;Литературное приложение ;;№94(№11);1922;30.07.;;стихи;;;1;;;;;
;Зенкевич Мих.;;Черношоколадные пашни;Накануне;Берлин;Литературное приложение ;;№94(№11);1922;30.07.;;стихи;;;1;;;;;Саратов, 1922
;Лидин Вл.;;Ковчег;Накануне;Берлин;Литературное приложение ;;№94(№11);1922;30.07.;;проза;;;1—;;;;;(Из книги «Мышиные будни»)
;Слезкин Юрий;;Столовая Гора;Накануне;Берлин;Литературное приложение ;;№100(№12);1922;06.08.;;проза;отрывок;О Лизочке и еще кой о чем;1—2;;;;;Март, 1922, г. Москва
;Семенов Сергей;;Sterbstadt;Накануне;Берлин;Литературное приложение ;;№100(№12);1922;06.08.;;проза;отрывок;;2—3;;;;;Петербург, весна 1922
;Блок А. А.;;Возмездие;Накануне;Берлин;Литературное приложение ;;№106(№13);1922;13.08.;;стихи;отрывок чернового наброска поэмы;;1;;;;;
;Волошин Максимилиан;;Памяти Александра Блока;Накануне;Берлин;Литературное приложение ;;№106(№13);1922;13.08.;;стихи;;;1;;;;;Коктебель, 1921
;Чачиков А. ;;Грядущее;Накануне;Берлин;Литературное приложение ;;№112(№14);1922;20.08.;;стихи;;;1;;;;;Аджаристан
;Слонимский Мих.;;Чертово колесо;Накануне;Берлин;Литературное приложение ;;№112(№14);1922;20.08.;;проза;;;1—4;;;;;
;Приходченко Евгений;;Гудела степь и ветры пахли медом;Накануне;Берлин;Литературное приложение ;;№112(№14);1922;20.08.;;стихи;;;1;;;;;
;Катаев Валентин;;Рыжие крестики ;Накануне;Берлин;Литературное приложение ;;№112(№14);1922;20.08.;;проза;;;4;;;;;
;Иванов Вс. ;;Рассказ о себе;Накануне;Берлин;Литературное приложение ;;№118(№15);1922;27.08.;;проза;;;1—2;;;;;
;Слезкин Юрий;;Томительная ночи повесть;Накануне;Берлин;Литературное приложение ;;№118(№15);1922;27.08.;;проза;;;3—4;;;;;
;Рюрик Ивнев;;Россия;Накануне;Берлин;Литературное приложение ;;№124(№16);1922;03.09.;;стихи;;;1;;;;;
;Крайский А.;;Я или ты?;Накануне;Берлин;Литературное приложение ;;№124(№16);1922;03.09.;;стихи;;;1—2;;;;;
;Неверов Александр ;;Колька;Накануне;Берлин;Литературное приложение ;;№124(№16);1922;03.09.;;проза;;;2—5;;;;;
;Козырев Михаил;;Пекате;Накануне;Берлин;Литературное приложение ;;№124(№16);1922;03.09.;;проза;;;5—8;;;;;
;Галати Екатерина ;;Как мудрый отравитель, время ;Накануне;Берлин;Литературное приложение ;;№130(№17);1922;10.09.;;стихи ;;;1;;;;;
;Галати Екатерина ;;Фильмела;Накануне;Берлин;Литературное приложение ;;№130(№17);1922;10.09.;;стихи;;;1;;;;;
;Оленин Александр;;Поэма встречи;Накануне;Берлин;Литературное приложение ;;№136(№18);1922;17.09.;;стихи;отрывок;;1;;;;;Москва, март 1922
;Слезкин Юрий;;Житие;Накануне;Берлин;Литературное приложение ;;№136(№18);1922;17.09.;;проза;;;1—5;;;;;
;Катаев Валентин;;Иринка;Накануне;Берлин;Литературное приложение ;;№142(№19);1922;24.09.;;проза;;;1—2;;;;;
;Булгаков Мих.;;Похождения Чичикова;Накануне;Берлин;Литературное приложение ;;№142(№19);1922;24.09.;;Поэма (проза);;;2—6;;;;;
;Никулин Л. ;;Путешествие в Афганистан;Накануне;Берлин;Литературное приложение ;;№154(№21);1922;08.10.;;стихи;;Герат;1;;;;;
;Никитин Н. ;;Пелла;Накануне;Берлин;Литературное приложение ;;№154(№21);1922;08.10.;;стихи;;;1;;;;;
;Ромашев Борис;;Я живу в том доме;Накануне;Берлин;Литературное приложение ;;№160(№22);1922;15.10.;;стихи;;;1;;;;;Пятигорск, 1922г
;Приходченко Евгений;;Затея;Накануне;Берлин;Литературное приложение ;;№160(№22);1922;15.10.;;стихи;;;1;;;;;
;Горбов Д.;;По облакам;Накануне;Берлин;Литературное приложение ;;№160(№22);1922;15.10.;;стихи;;;1;;;;;
;Никитин Н. ;;Человеческий-ли документ;Накануне;Берлин;Литературное приложение ;;№160(№22);1922;15.10.;;эго-документ;;;6—7;;;;;
;Соколов-Микитов И.;;Письмо ;Накануне;Берлин;Литературное приложение ;;№160(№22);1922;15.10.;;эго-документ;;;7;;;;;
;Булгаков Мих.;;Красная корона;Накануне;Берлин;Литературное приложение ;;№166(№23);1922;22.10.;;проза;;;2—5;;;;;
;Слезкин Юрий;;Столовая Гора;Накануне;Берлин;Литературное приложение ;;№178(№25);1922;05.11.;;проза;отрывок;Разрешается хождение;2—5;;;;;
;Федин Константин;;Анна Тимофеевна;Накануне;Берлин;Литературное приложение ;;№190(№27);1922;19.11.;;проза;отрывок;Чудо;2—3;;;;;
;Миндалин Э. М. ;;Литературная Москва;Накануне;Берлин;Литературное приложение ;;№195(№28);1922;26.11.;;;;;;;;;;
;Грин А. С;;Тифозный пунктир;Накануне;Берлин;Литературное приложение ;;№201(№29);1922;03.12.;;проза;;;1—3;;;;;
;Михайлов П.;;Сучки и задоринки;Накануне;Берлин;Литературное приложение ;;№207(№30);1922;10.12.;;проза;;;4;;;;;Москва, 22 ноября 
;Булгаков Мих.;;Алый мах;Накануне;Берлин;Литературное приложение ;;№207(№30);1922;10.12.;;проза;отрывок;В ночь на 3-е число;1—2;;;;;
;Соколовский А. ;;Среди чужих;Накануне;Берлин;Литературное приложение ;;№213(№31);1922;17.12.;;проза;;;1—2;;;;;
;Кузмин М.;;Брызни дождем веселым;Накануне;Берлин;Литературное приложение ;;№235(№35);1923;14.01.;;стихи;;;1;;;;;
;Катаев Валентин;;Три бездельника;Накануне;Берлин;Литературное приложение ;;№235(№35);1923;14.01.;;проза;глава;Женитьба Эдуарда;2—5;;;;;
;Кузмин М.;;На площадке пляшут дети;Накануне;Берлин;Литературное приложение ;;№235(№35);1923;14.01.;;стихи;;;1;;;;;
;Кузмин М.;;Родина Вергилия;Накануне;Берлин;Литературное приложение ;;№235(№35);1923;14.01.;;стихи;;;2;;;;;
;Волошин Максимилиан;;На вокзале ;Накануне;Берлин;Литературное приложение ;;№240(№36);1923;20.01.;;стихи;;;1;;;;;20 июня 1919, гор. Коктебель
;Мандельштам О.;;Гуманизм и современность ;Накануне;Берлин;Литературное приложение ;;№240(№36);1923;20.01.;;;;;6;;;;;
;Волошин Максимилиан;;Пустыня;Накануне;Берлин;Литературное приложение ;;№240(№36);1923;20.01.;;стихи;;;2;;;;;
;Волошин Максимилиан;;Посев ;Накануне;Берлин;Литературное приложение ;;№240(№36);1923;20.01.;;стихи;;;2;;;;;20 июня 1919, гор. Коктебель
;Шенгели Георгий;;Броненосец;Накануне;Берлин;Литературное приложение ;;№246(№37);1923;27.01.;;стихи;;;1;;;;;
;Волошин Максимилиан;;Карадэг;Накануне;Берлин;Литературное приложение ;;№246(№37);1923;27.01.;;стихи;;;2;;;;;Коктебель, 17 июня 1918 г.
;Волошин Максимилиан;;Ветер с неба хлопья облак вытер;Накануне;Берлин;Литературное приложение ;;№246(№37);1923;27.01.;;стихи ;;;2;;;;;Коктебель, 20-го июня 1917 г.
;Волошин Максимилиан;;Снова облака тяжелые свитки;Накануне;Берлин;Литературное приложение ;;№246(№37);1923;27.01.;;стихи;;;2;;;;;
;Волошин Максимилиан;;Опять бреду я босоногий;Накануне;Берлин;Литературное приложение ;;№246(№37);1923;27.01.;;стихи;;;2;;;;;Коктебель, 16-го ноября 1919 г.
;Слезкин Юрий;;Столовая Гора;Накануне;Берлин;Литературное приложение ;;№246(№37);1923;27.01.;;проза;отрывок;Песня Гейлюна;3—4;;;;;
;Никулин Л. ;;1918;Накануне;Берлин;Литературное приложение ;;№252(№38);1923;04.02.;;проза;отрывок;;1—3;;;;;
;Волошин Максимилиан;;Русь;Накануне;Берлин;Литературное приложение ;;№264(№40);1923;18.02.;;стихи;;;1;;;;;5 января 1923 г., Коктебель
;Ивнев Рюрик;;Сумерки в Чакве;Накануне;Берлин;Литературное приложение ;;№264(№40);1923;18.02.;;стихи;;;2;;;;;
;Соколов-Микитов И.;;В лесу;Накануне;Берлин;Литературное приложение ;;№264(№40);1923;18.02.;;проза;;;2—3;;;;;
;Катаев Валентин;;Патерик;Накануне;Берлин;Литературное приложение ;;№270(№41);1923;25.02.;;стихи;;;1;;;;;
;Слезкин Юрий;;Самостийники;Накануне;Берлин;Литературное приложение ;;№270(№41);1923;25.02.;;проза;отрывок;Диверсия полковника Щербовенкова;2—4;;;;;
;Пришвин М.;;От земли и городов ;Накануне;Берлин;Литературное приложение ;;№276(№42);1923;04.03.;;проза;отрывок;Никола Сидящий;1—2;;;;;
;Асеев Ник.;;Электриада;Накануне;Берлин;Литературное приложение ;;№282(№43);1923;11.03.;;стихи;вступление;;1;;;;;1923 II 6
;Пришвин М.;;От земли и городов ;Накануне;Берлин;Литературное приложение ;;№288(№44);1923;18.03.;;проза;отрывок;Милость мира;1—2;;;;;Москва, 1922 г, Октябрь
;Никулин Л. ;;1919;Накануне;Берлин;Литературное приложение ;;№299(№46);1923;01.04.;;проза;отрывок;;;;;;;
;Крючков С. ;;Певчей птахе ли, зверю ли, рыбе-ль;Накануне;Берлин;Литературное приложение ;;№316(№49);1923;22.04.;;стихи;;;1;;;;;
;Слезкин Юрий;;О превратностях судьбы Лесники Гук;Накануне;Берлин;Литературное приложение ;;№316(№49);1923;22.04.;;проза;;;1—5;;;;;
;Слезкин Юрий;;Заветная кубышка;Накануне;Берлин;Литературное приложение ;;№338(№53);1923;20.05.;;проза;отрывок;Страница авантюры ;1—3;;;;;
;Шторм Георгий ;;Идешь, бредешь по мостовой ;Накануне;Берлин;Литературное приложение ;;№349(№55);1923;03.06.;;стихи;;;1;;;;;
;Иванов Вс. ;;Голубые пески;Накануне;Берлин;Литературное приложение ;;№349(№55);1923;03.06.;;проза;отрывок;Атаман Трубычев и Василий Запус;2—7;;;;;Петербург, 1922г
;Шторм Георгий ;;Янычар;Накануне;Берлин;Литературное приложение ;;№361(№57);1923;17.06.;;проза;;;1—2;;;;;Москва, 1923 г.
;Глубоковский Борис;;Московские каприччио;Накануне;Берлин;Литературное приложение ;;№361(№57);1923;17.06.;;проза;отрывок;В ночь на 31 февраля;2—4;;;;;
;Слезкин Юрий;;Савватий Анисимович;Накануне;Берлин;Литературное приложение ;;№373(№59);1923;01.07.;;проза;;;1—3;;;;;
;Апушкин Яков;;Отрывки из поэмы;Накануне;Берлин;Литературное приложение ;;№430;1923;09.09.;;;;;;;;;;
;Волин Ю.;;Негр Магмури;Накануне;Берлин;Литературное приложение ;;№430;1923;09.09.;;;;;;;;;;
;Соколов-Микитов И.;;Конокрад;Накануне;Берлин;Литературное приложение ;;№623(№106);1924;11.05.;;проза;;;1;;;;;
;Слезкин Юрий;;Писатель, критик и «рецензент» (литературный фельетон);Накануне;Берлин;Литературное приложение ;;№623(№106);1924;11.05.;;проза;;;5–6;;;;;
;Шестаков Ник.;;Рыбий пузырь;Накануне;Берлин;Литературное приложение ;;№629(№112);1924;18.05.;;проза;отрывок;;1–3;;;;;Москва
;Брюсов В. Я.;;Миг;Издательство Гржебина;"Берлин, Петербург
";издательство;;;1922;;;;;;;;;;;
;Булгаков П. И;;"Жадность 
";Издательство Гржебина;"Берлин, Петербург, Москва
";издательство;;;1923;;;;;;;;;;;
;"Гумилев Н. С. 
";;"Костер 
";Издательство Гржебина;"Берлин, Петербург, Москва
";издательство;;;1920;;;;;;;;;;;
;Гумилев Н. С.;;"Костер 
";Издательство Гржебина;"Берлин, Петербург
";издательство;;;1922;;;;;;;;;;;
;Горький М.;;Воспоминания о Льве Николаевиче Толстом ;Издательство Гржебина;Берлин;издательство;;;1922;;;;;;;1919;;;;
;"Есенин С. А. 
";;Собрание стихов и поэм. Т. 1.;Издательство Гржебина;Берлин, Петербург, Москва;издательство;;;1922;;;;;;;;;;;
;"Замятин Е. И. 
";;"Большим детям сказки 
";Издательство Гржебина;Берлин, Петербург, Москва;издательство;;;1922;;;;;;;;;;;
;"Замятин Е. И. 
";;"На куличках 
";Издательство Гржебина;Берлин;издательство;;;1923;;;;;;;;;;;
;"Замятин Е. И. 
";;"Островитяне 
";Издательство Гржебина;"Берлин, Петербург
";издательство;;;1922;;;;;;;;;;;
;"Замятин Е. И. 
";;"Островитяне 
";Издательство Гржебина;Берлин, Петербург, Москва;издательство;;;1923;;;;;;;;;;;
;"Петербургский альманах. (В книгу вошли произведения А. А. Блока, А. М. Горького, Б. К. Зайцева, Е. И. Замятина, А. М. Ремизова, Ф. К. Сологуба, В. Я. Шишкова.)
";;;Издательство Гржебина;"Берлин, Петербург
";издательство;;;1922;;;;;;;;;;;
;"Новиков И. А.  ";;Жертва;Издательство Гржебина;Берлин;издательство;;;1923;;;;;;;;;;;
;Пастернак Б. Л.;;Сестра моя — жизнь ;Издательство Гржебина;Берлин, Петербург, Москва;издательство;;;1923;;;;;;;;;;;
;"Пильняк Б. А. ";;Голый год;Издательство Гржебина;"Берлин, Петербург
";издательство;;;1922;;;;;;;;;;;
;"Пильняк Б. А.
";;Иван-да-Марья;Издательство Гржебина;Берлин, Петербург, Москва;издательство;;;1922;;;;;;;;;;;
;Подъячев С. П. ;;"Жизнь мужицкая ";Издательство Гржебина;"Берлин, Петербург
";издательство;;;1923;;;;;;;;;;;
;Подъячев С. П. ;;Ревность ;Издательство Гржебина;Берлин;издательство;;;;;;;;;;;;;;
;"Пяст В. А.  ";;"Лирика 
";Издательство Гржебина;Берлин;издательство;;;1922;;;;;;;;;;;
;Пяст В. А. ;;Львиная пасть;Издательство Гржебина;Берлин, Петербург, Москва;издательство;;;1922;;;;;;;;;;;
;Пяст В. А. ;;"Ограда 
";Издательство Гржебина;"Берлин, Петербург, Москва
";издательство;;;1922;;;;;;;;;;;
;Пяст В. А. ;;"Третья книга лирики 
";Издательство Гржебина;"Берлин, Петербург, Москва
";издательство;;;1922;;;;;;;;;;;
;Сергеев-Ценский С. Н. ;;Чудо;Издательство Гржебина;Берлин;издательство;;;1923;;;;;;;;;;;
;Телешов Н. Д.;;Рассказы;Издательство Гржебина;Берлин, Петербург, Москва;издательство;;;1922;;;;;;;;;;;
;Форш О. Д. ;;Смерть Коперника;Издательство Гржебина;Берлин, Петербург, Москва;издательство;;;1922;;;;;;;;;;;
;Чапыгин А. П.;;Белый скит;Издательство Гржебина;Берлин, Петербург, Москва;издательство;;;1922;;;;;;;;;;;
;Шагинян М. С.;;"Orientalia ";Издательство Гржебина;"Берлин, Петербург
";издательство;;;1921;;;;;;;;;;;
;Бальмонт К.;;Из ночи;Современные записки;Париж ;журнал;;;1920;ноябрь;;стихи;;;34—35;;;;;
;Федорченко Софья;;Сказки ;Современные записки;Париж;журнал;;;1920;ноябрь;;проза;;Бес да инок;36—48;;;;;
;Федорченко Софья;;Сказки ;Современные записки;Париж;журнал;;;1920;ноябрь;;проза;;Месяц да солнце ;36—48;;;;;
;Федорченко Софья;;Сказки ;Современные записки;Париж;журнал;;;1920;ноябрь;;проза;;Про свинью жирную;36—48;;;;;
;Федорченко Софья;;Сказки ;Современные записки;Париж;журнал;;;1920;ноябрь;;проза;;Дед да внук;36—48;;;;;
;Федорченко Софья;;Сказки ;Современные записки;Париж;журнал;;;;ноябрь;;проза;;Петух да гусыня;36—48;;;;;
;Федорченко Софья;;Сказки ;Современные записки;Париж;журнал;;;1920;ноябрь;;проза;;Про медведя да осиновый кол с голосом;36—48;;;;;
;Федорченко Софья;;Сказки ;Современные записки;Париж;журнал;;;1920;ноябрь;;проза;;Про безродного чертяку;36—48;;;;;
;Федорченко Софья;;Сказки ;Современные записки;Париж;журнал;;;1920;ноябрь;;проза;;Кобыла да чучел;36—48;;;;;
;Федорченко Софья;;Сказки ;Современные записки;Париж;журнал;;;1920;ноябрь;;проза;;Мужик в пекле;36—48;;;;;
;Федорченко Софья;;Сказки ;Современные записки;Париж;журнал;;;1920;ноябрь;;проза;;Фабричный мужик;36—48;;;;;
;Федорченко Софья;;Сказки ;Современные записки;Париж;журнал;;;1920;ноябрь;;проза;;Про корову бодучую;36—48;;;;;
;Федорченко Софья;;Сказки ;Современные записки;Париж;журнал;;;1920;ноябрь;;проза;;Про купца да ягодку;36—48;;;;;
;Федорченко Софья;;Сказки ;Современные записки;Париж;журнал;;;1920;ноябрь;;проза;;Как ворона за курицу служила;36—48;;;;;
;Цветаева Марина;;Пожирающий огонь-мой конь;Современные записки;Париж;журнал;;;1920;ноябрь;;стихи ;;;49;;;;;
;Цветаева Марина;;Чердачный дворец мой, дворцовый чердак;Современные записки;Париж;журнал;;;1920;ноябрь;;стихи ;;;49;;;;;
;Цветаева Марина;;Есть колосья тучные, есть колосья тощие;Современные записки;Париж;журнал;;;1920;ноябрь;;стихи ;;;50;;;;;
;Цветаева Марина;;Благословляю ежедневный труд;Современные записки;Париж;журнал;;;1920;ноябрь;;стихи ;;;50;;;;;
;Федорченко Софья;;Сказки и песни буковинские;Современные записки;Париж;журнал;;;1921;27.02;;проза;;;95—101;;;;;
;Волошин Максимилиан;;Европа;Современные записки;Париж;журнал;;;1921;17.04;;стихи;;;86—88;;;;;
;Волошин Максимилиан;;Стенькин суд;Современные записки;Париж;журнал;;;1921;17.04;;стихи;;;89—91;;;;;
;Волошин Максимилиан;;Дмитрий Император 1591-1613 гг.;Современные записки;Париж;журнал;;;1921;17.04;;стихи ;;;92—94;;;;;
;Волошин Максимилиан;;Святая Русь;Современные записки;Париж;журнал;;;1921;17.04;;стихи ;;;95—96;;;;;
;Волошин Максимилиан;;Молитва о городе: Феодосия в марте 1918 г.;Современные записки;Париж;журнал;;;1921;17.04;;стихи ;;;97—99;;;;;
;Волошин Максимилиан;;Видение Иезекииля;Современные записки;Париж;журнал;;;1921;09.06;;стихи ;;;99—101;;;;;
;Волошин Максимилиан;;Пресуществление;Современные записки;Париж;журнал;;;1921;09.06;;стихи ;;;102—103;;;;;
;Цветаева Марина;;Если душа родилась крылатой ;Современные записки;Париж;журнал;;;1921;05.08;;стихи ;;;74;;;;;
;Цветаева Марина;;Высоко мое оконце!;Современные записки;Париж;журнал;;;1921;05.08;;стихи ;;;75;;;;;
;Цветаева Марина;;Семь мечей пронзали сердце;Современные записки;Париж;журнал;;;1921;05.08;;стихи ;;;76;;;;;
;Цветаева Марина;;Андрей Шенье взошел на эшафот;Современные записки;Париж;журнал;;;1921;05.08;;стихи ;;;77;;;;;
;Цветаева Марина;;Дорожкою простонародною;Современные записки;Париж;журнал;;;1921;05.08;;стихи ;;;78;;;;;
;Цветаева Марина;;И страшные мне снятся сны;Современные записки;Париж;журнал;;;1921;05.08;;стихи ;;;79;;;;;
;Цветаева Марина;;Хочешь знать, как дни проходят;Современные записки;Париж;журнал;;;1921;05.08;;стихи ;;;80;;;;;
;Цветаева Марина;;Мое убежище от диких орд;Современные записки;Париж;журнал;;;1921;05.10;;стихи ;;;93;;;;;
;Цветаева Марина;;Закинув голову и опустив глаза;Современные записки;Париж;журнал;;;1921;05.10;;стихи ;;;93;;;;;
;Цветаева Марина;;У первой бабки четыре сына;Современные записки;Париж;журнал;;;1921;05.10;;стихи ;;;94;;;;;
;Цветаева Марина;;Тебе — через сто лет;Современные записки;Париж;журнал;;;1921;05.10;;стихи ;;;95;;;;;
;Цветаева Марина;;Идите, старьтесь над считаньем петель;Современные записки;Париж;журнал;;;1921;05.10;;стихи ;;;96;;;;;
;Цветаева Марина;;Але;Современные записки;Париж;журнал;;;1921;05.10;;стихи ;;;97;;;;;
;Цветаева Марина;;«Марина, спасибо за мир!»;Современные записки;Париж;журнал;;;1921;05.10;;стихи ;;;97;;;;;
;Цветаева Марина;;Я не танцую, – без моей вины;Современные записки;Париж;журнал;;;1921;05.10;;стихи ;;;97;;;;;
;Цветаева Марина;;Развела тебе в стакане;Современные записки;Париж;журнал;;;1921;05.10;;стихи ;;;98;;;;;
;Цветаева Марина;;Я – страница твоему перу;Современные записки;Париж;журнал;;;1921;05.10;;стихи ;;;98;;;;;
;Цветаева Марина;;Бабушка;Современные записки;Париж;журнал;;;1921;05.10;;стихи ;;;99—102;;;;;
;Цветаева Марина;;Поступь легкая моя;Современные записки;Париж;журнал;;;1921;05.10;;стихи ;;;103;;;;;
;Цветаева Марина;;Как правая и левая рука;Современные записки;Париж;журнал;;;1921;05.12;;стихи ;;;120;;;;;
;Цветаева Марина;;Солнце – одно, а шагает по всем городам;Современные записки;Париж;журнал;;;1921;05.12;;стихи ;;;121;;;;;
;Цветаева Марина;;Чтобы помнил не часок, не годок;Современные записки;Париж;журнал;;;1921;05.12;;стихи ;;;122;;;;;
;Цветаева Марина;;Нà смех и нà ало;Современные записки;Париж;журнал;;;1921;05.12;;стихи ;;;123;;;;;
;Цветаева Марина;;Со мной не надо говорить;Современные записки;Париж;журнал;;;1921;05.12;;стихи ;;;124;;;;;
;Цветаева Марина;;Ты меня никогда не прогонишь;Современные записки;Париж;журнал;;;1921;05.12;;стихи ;;;125;;;;;
;Цветаева Марина;;Не знаю, где ты и где я;Современные записки;Париж;журнал;;;1921;05.12;;стихи ;;;126;;;;;
;Цветаева Марина;;И бродим с тобой по церквам;Современные записки;Париж;журнал;;;1921;05.12;;стихи ;;;127;;;;;
;Цветаева Марина;;И как под землею трава;Современные записки;Париж;журнал;;;1921;05.12;;стихи ;;;128;;;;;
;Цветаева Марина;;Когда-нибудь, прелестное созданье;Современные записки;Париж;журнал;;;1921;05.12;;стихи ;;;129;;;;;
;Цветаева Марина;;Отнимите жемчуг – останутся слезы;Современные записки;Париж;журнал;;;1921;05.12;;стихи ;;;130;;;;;
;Зощенко Мих.;;Виктория Казимировна;Голос России;Берлин;газета;;№1032;1922;15.08;;проза;;;3—4;;;;;Сборник «Серапионовы братья»
;Горький М.;;Фарфоровая свинья;Русский Голос;Нью-Йорк;газета;;№7573;1936;05.08;;проза;;;2;;;;;
;Гумилев Н. С.;;Огненный столп;Петрополис;Берлин;издательство;;;1922;;;;;;;;;;;
;Мандельштам О.;;Tristia;Петрополис;Берлин;издательство;;;1922;;;;;;;;;;;
;Кузмин М.;;Параболы;Петрополис;Берлин;издательство;;;1923;;;;;;;;;;;
;Радлова А. Д. ;;Богородицын корабль ;Петрополис;Берлин;издательство;;;1923;;;;;;;;;;;
;Гумилев Н. С.;;Колчан;Петрополис;Берлин;издательство;;;1923;;;;;;;;;;;
;Гумилев Н. С.;;К синей звезде ;Петрополис;Берлин;издательство;;;1923;;;;;;;;;;;
;Кузмин М.;;Глиняные голубки ;Петрополис;Берлин;издательство;;;1923;;;;;;;;;;;
;Кузмин М.;;Крылья;Петрополис;Берлин;издательство;;;1923;;;;;;;;;;;
;Кузмин М.;;Сети;Петрополис;Берлин;издательство;;;1923;;;;;;;;;;;
;Гумилев Н. С.;;Французские народные песни;Петрополис;Берлин;издательство;;;1923;;;;;;;;;;;
;Кузмин М.;;Плавающие путешествующие;Петрополис;Берлин;издательство;;;1923;;;;;;;;;;;
;Никитин Н. ;;Полет;Петрополис;Берлин;издательство;;;1923;;;;;;;;;;;
;Никитин Н. ;;Ночной пожар;Петрополис;Берлин;издательство;;;1924;;;;;;;;;;;
;Кузмин М.;;Тихий страж;Петрополис;Берлин;издательство;;;1924;;;;;;;;;;;
;Калинников И. Ф.;;Мощи;Петрополис;Берлин;издательство;;;1926;;;;;;;;;;;
;Андреев В. М.;;Преступления Аквилонова;Петрополис;Берлин;издательство;;;1927;;;;;;;;;;;
;Четвериков Б. Д.;;Бунт инженера Каринского;Петрополис;Берлин;издательство;;;1928;;;;;;;;;;;
;Федин Константин;;Братья;Петрополис;Берлин;издательство;;;1928;;;;;;;;;;;
;Толстой А. Н.;;Восемнадцатый год;Петрополис;Берлин;издательство;;;1928;;;;;;;;;;;
;Мариенгоф А.;;Циники;Петрополис;Берлин;издательство;;;1928;;;;;;;;;;;
;"Пильняк Б. А.
";;Штосс в жизнь;Петрополис;Берлин;издательство;;;1929;;;;;;;;;;;
;Мариенгоф А.;;Роман без вранья ;Петрополис;Берлин;издательство;;;1929;;;;;;;;;;;
;Никитин Н. ;;Шпион;Петрополис;Берлин;издательство;;;1929;;;;;;;;;;;
;Зощенко Мих.;;Семейный купорос;Петрополис;Берлин;издательство;;;1929;;;;;;;;;;;
;"Пильняк Б. А.
";;Красное дерево;Петрополис;Берлин;издательство;;;1929;;;;;;;;;;;
;Савич О.;;Воображаемый собеседник ;Петрополис;Берлин;издательство;;;1929;;;;;;;;;;;
;Сытин А. П.;;Пастух времен;Петрополис;Берлин;издательство;;;1929;;;;;;;;;;;
;Тынянов Ю.;;Смерть Вазир-Мухтара;Петрополис;Берлин;издательство;;;1929;;;;;;;;;;;
;Зощенко Мих.;;Воспоминания о Мишеле Синягине;Петрополис;Берлин;издательство;;;1930;;;;;;;;;;;
;Мариенгоф А.;;Бритый человек;Петрополис;Берлин;издательство;;;1930;;;;;;;;;;;
;Толстой А. Н.;;Петр 1;Петрополис;Берлин;издательство;;;1930;;;;;;;;;;;
;Фибих Д.;;Угар;Петрополис;Берлин;издательство;;;1930;;;;;;;;;;;
;Зощенко Мих.;;Воспоминания о Мишеле Синягине;Петрополис;Берлин;издательство;;;1931;;;;;;;;;;;
;Савич О.;;Мы и они: Франция;Петрополис;Берлин;издательство;;;1931;;;;;;;;;;;
;Розенфельд С. Е.;;Гибель;Петрополис;Берлин;издательство;;;1931;;;;;;;;;;;
;Гумилев Н. С.;;Гондла;Петрополис;Берлин;издательство;;;1936;;;;;;;;;;;
;Гумилев Н. С.;;Чужое небо;Петрополис;Берлин;издательство;;;1936;;;;;;;;;;;
;Павлов В.;;Подхалимы;Возрождение;Париж;газета;;№952;1928;10.01;;;;;5;;;Крокодил;;
;Романов П. ;;Легкая работа;Возрождение;Париж;газета;;№1170;1928;15.08;;;;;3;1928;июль;Красная новь;№7, 84—86;
;Бабель И. Э.;;Мопассан — ее страсть;Возрождение;Париж;газета;;№2632;1932;16.08;;;;;4—5;;;30 дней?;;
;Шолохов М. А.;;Поднятая целина;Возрождение;Париж;газета;;№2702;1932;25.10;;;;;4—5;;;Новый мир;;Отрывок из 2 части (Новый мир 1932 5–6)
;Зощенко М. М.;;Юмористический рассказ;Возрождение;Париж;газета;;№2725;1932;17.11;;;;;2;;;Вечерняя Москва;;
;Ильф И. И Петров Е.;;Веселящая единица;Возрождение;Париж;газета;;№2735;1932;27.11;;;;;5;1932;12.11;Правда;;
;Зощенко М. М.;;Беспокойный старичок;Возрождение;Париж;газета;;№2801;1933;01.02;;;;;3;1933;январь;Крокодил;№3;
;Зощенко М. М.;;Страдания молодого Вертера;Возрождение;Париж;газета;;№2815;1933;15.02;;;;;3;1933;январь;Крокодил;№1;
;Зощенко М. М.;;Единодушие;Возрождение;Париж;газета;;№2816;1933;16.02;;;;;5;1933;10.02;Вечерняя Москва;;? Вечерняя Москва 3 10.02.1933
;Федин К. А.;;Похищение Европы;Возрождение;Париж;газета;;№2819;1933;19.02;;;отрывок;Ганза;4;1933;13.02;Красная газета;№36(3324), 3;
;Ильф И. И Петров Е.;;Кандидаты ;Возрождение;Париж;газета;;№2923;1933;23.02;;;;;3—4;1933;10.02;Огонек;№4(464), 4—5;
;Ильф И. И Петров Е.;;Необыкновенные страдания директора завода;Возрождение;Париж;газета;;№2859;1933;31.03;;;;;5;1933;26.03;Правда;;Правда
;Шолохов М. А.;;Тихий Дон;Возрождение;Париж;газета;;№2885;1933;26.04;;;отрывок;восстание;3;1933;21.04;Красная газета;№92(3870),С.3 ;Вечерняя Газета (Октябрь января 1932)
;Ильф И. И Петров Е.;;Техника на грани фантастики;Возрождение;Париж;газета;;№2944;1933;24.06;;;;;5;1933;июнь;Крокодил;№17, 4—5;
;Зощенко М. М.;;Преступление и наказание;Возрождение;Париж;газета;;№2952;1933;02.07;;;отрывок;;4;1933;март;Красная новь;№3, 131—138;
;Зощенко М. М.;;Преступление и наказание;Возрождение;Париж;газета;;№2953;1933;03.07;;;отрывок;;3;1933;март;Красная новь;№3, 131—138;
;Зощенко М. М.;;Морока;Возрождение;Париж;газета;;№3129;1933;26.12;;;;;3;1933;декабрь;Крокодил;№34, 4—5;
;Зощенко М. М.;;Счастливый путь;Возрождение;Париж;газета;;№3132;1933;29.12;;;;;5;1933;20.12;Огонек;№ 26 (486), 5—6;
;Романов П. ;;Для удобства публики ;Возрождение;Париж;газета;;№3139;1934;05.01;;;;;5;1933, декабрь,№34, 7—8;декабрь;Крокодил;;
;Катаев И.;;В одной комнате;Возрождение;Париж;газета;;№3142;1934;08.01;;;;;3;1933;20.12;Огонек;№ 26 (486), 3—4;
;Романов П. ;;Кукла;Возрождение;Париж;газета;;№3164;1934;30.01;;;;;4;1934;январь;Крокодил;№1, 3–4;
;Зощенко М. М.;;Подарок;Возрождение;Париж;газета;;№3184;1934;20.02;;;;;4;1934;январь;Крокодил;№3, 5;
;Ильф И. И Петров Е.;;Директивный бантик;Возрождение;Париж;газета;;№3216;1934;24.03;;;;;4;1934;19.03;Правда;;
;Зощенко М. М.;;Анна на шее;Возрождение;Париж;газета;;№3226;1934;03.04;;;;;4;1934;март;Крокодил;№7, 6—7;
;Ильф И. И Петров Е.;;Любимый трамвай;Возрождение;Париж;газета;;№3235;1934;12.04;;;;;2;1934;07.04;Правда;;
;Зощенко М. М.;;Неудачный день;Возрождение;Париж;газета;;№3290;1934;06.06;;;отрывок;;3;1934;февраль;Красная новь;№2, 138—143;
;Зощенко М. М.;;Неудачный день;Возрождение;Париж;газета;;№3292;1934;08.06;;;отрывок;;3;1934;март;Красная новь;№2, 138—144;
;Зощенко М. М.;;Неприятная история;Возрождение;Париж;газета;;№3300;1934;16.06;;;;;4;1934;12.06;Известия ;;или не все то золото, что блестит 
;Зощенко М. М.;;Забавное приключение;Возрождение;Париж;газета;;№3478;1934;11.12;;;;;3—4;;;;№161, 2, 4;
;Шолохов М. А.;;Тихий Дон;Возрождение;Париж;газета;;№3569;1935;12.03;;;отрывок;Глава из 4 части романа;3—4;1935;06.03;Известия ;№57 (5610), 2, 4;
;Ильф И. И Петров Е.;;Широкий размах;Возрождение;Париж;газета;;№3605;1935;17.04;;;;;3;1935;12.04;Правда;;
;Ильф И. И Петров Е.;;Театральная история ;Возрождение;Париж;газета;;№3623;1935;05.05;;;;;5;1935;апрель;Крокодил?;№12;
;Ильф И. И Петров Е.;;Лентяй;Возрождение;Париж;газета;;№3644;1935;26.05;;;;;6;1935;апрель;Крокодил;№12, 2;
;Зощенко М. М.;;Страдания молодого Вертера;Возрождение;Париж;газета;;№3718;1935;08.08;;;;;5;1935;июль;Красная новь;№7, 22—24;
;Зощенко М. М.;;Рассказы о неудачах (мелкий случай из личной жизни);Возрождение;Париж;газета;;№3720;1935;10.08;;;;;4;1935;июль;Красная новь;№7, 26—27;
;Зощенко М. М.;;Водяная феерия;Возрождение;Париж;газета;;№3836;1935;04.12;;;;;3;1935;ноябрь;Крокодил;№28–29, 4—5;
;Зощенко М. М.;;Плохая жена;Возрождение;Париж;газета;;№3867;1936;04.01;;;;;4;;;Вечерняя Москва;;
;Зощенко М. М.;;Много шума из ничего;Возрождение;Париж;газета;;№4039;1936;15.08;;;;;4;1936;09.07;Известия ;№158, 4;
;Зощенко М. М.;;История болезни;Возрождение;Париж;газета;;№4061;1937;16.01;;;;;4;1936;октябрь;Крокодил;№28, 6—7;
;Грин А. С.;;Брак Августа Эсборна;Последние новости;Париж;газета;;№1845;1926;11.04;;;;;2—3;;;Красная Нива;;
;Шишков В.;;Птичка;Последние новости;Париж;газета;;№2110;1927;01.01;;;;;2–3;;;Красная Нива;;
;Зощенко М. М.;;Нормальная жизнь;Последние новости;Париж;газета;;№2110;1927;01.01;;;;;3;;;;;
;Зощенко М. М.;;Письмо в милицию;Последние новости;Париж;газета;;№2121;1927;12.01;;;;;3;;;;;
;Зощенко М. М.;;Тетка Марья рассказала;Последние новости;Париж;газета;;№2125;1927;16.01;;;;;3;;;;;
;Соколов-Микитов И.;;На светлых озерах;Последние новости;Париж;газета;;№2132;1927;23.01;;;;;2–3;;;Красная Нива (новь?);;
;Зощенко М. М.;;Счастливое детство;Последние новости;Париж;газета;;№2132;1927;23.01;;;;;3;;;;;
;Зощенко М. М.;;Гибель человека;Последние новости;Париж;газета;;№2136;1927;27.01;;;;;4;;;;;
;Зощенко М. М.;;Прискорбный случай;Последние новости;Париж;газета;;№2139;1927;30.01;;;;;3;;;;;
;Зощенко М. М.;;Качество продукции;Последние новости;Париж;газета;;№2146;1927;06.02;;;;;3;;;;;
;Зощенко М. М.;;Стакан;Последние новости;Париж;газета;;№2153;1927;13.02;;;;;3;;;;;
;Зорич А.;;Преступление гражданки Л.;Последние новости;Париж;газета;;№2162;1927;22.02;;;;;3;;;Правда;;
;Соколов-Микитов И.;;Танакино счастье;Последние новости;Париж;газета;;№2167;1927;27.02;;;;;2—3;;;;;
;Зощенко М. М.;;Пассажир;Последние новости;Париж;газета;;№2167;1927;27.02;;;;;3;;;;;
;Романов П. ;;Суд над пионером;Последние новости;Париж;газета;;№2174;1927;06.03;;;;;2—3;;;;;
;Зощенко М. М.;;Рабочий костюм;Последние новости;Париж;газета;;№2174;1927;06.03;;;;;3;;;;;
;Соколов-Микитов И.;;Деревенские небылицы;Последние новости;Париж;газета;;№2204;1927;05.04;;;;;3;;;;;
;Иванов Вс. ;;Бог Матвей;Последние новости;Париж;газета;;№2209;1927;10.04;;;;;2–3;;;Красная Н;;
;Зощенко М. М.;;За стаканом пива;Последние новости;Париж;газета;;№2209;1927;10.09;;;;;3;;;;;
;Романов П. ;;Хулиганство;Последние новости;Париж;газета;;№2223;1927;24.04;;;;;3—4;;;Бузотер;;
;Зощенко М. М.;;Свадьба;Последние новости;Париж;газета;;№2223;1927;24.04;;;;;4—5;;;;;
;Зощенко М. М.;;Часы;Последние новости;Париж;газета;;№2244;1927;15.05;;;;;3;;;;;
;Зощенко М. М.;;Американская реклама;Последние новости;Париж;газета;;№2258;1927;29.05;;;;;3;;;;;
;Пришвин М.;;Нерль;Последние новости;Париж;газета;;№2300;1927;10.07;;;;;2–3;;;Новый мир;;
;Зощенко М. М.;;Дырка;Последние новости;Париж;газета;;№2332;1927;11.08;;;;;5;;;;;
;Зощенко М. М.;;Гримаса НЭПа;Последние новости;Париж;газета;;№2381;1927;29.09;;;;;4;;;;;
;Зощенко М. М.;;Комната с кухней;Последние новости;Париж;газета;;№2385;1927;03.10;;;;;3;;;;;
;Зощенко М. М.;;Зубное дело;Последние новости;Париж;газета;;№2388;1927;06.10;;;;;4;;;;;
;Зощенко М. М.;;Что-нибудь особенное;Последние новости;Париж;газета;;№2401;1927;09.10;;;;;;;;;;
;Соколов-Микитов И.;;Глушаки;Последние новости;Париж;газета;;№2428;1927;15.11;;;;;2—3;;;;;
;Романов П. ;;Порядок;Последние новости;Париж;газета;;№2435;1927;22.11;;;;;3;;;;;
;Зощенко М. М.;;Шапка;Последние новости;Париж;газета;;№2437;1927;24.11;;;;;3;;;;;
;Зощенко М. М.;;Легкая жизнь;Последние новости;Париж;газета;;№2452;1927;09.12;;;;;3;;;;;
;Зощенко М. М.;;Очень просто;Последние новости;Париж;газета;;№2475;1928;01.01;;;;;5;;;;;
;Пришвин М.;;Кость;Последние новости;Париж;газета;;№2684;1928;28.07;;;;;2;;;Красная новь;;
;Дроздов А.;;Три свидетеля;Последние новости;Париж;газета;;№2736;1928;18.09;;;;;4;;;Красная Нива;;
;Пришвин М.;;Журавлиная родина;Последние новости;Париж;газета;;№2846;1929;06.01;;;;;2—3;;;Новый мир;;
;Зорич А.;;Пьющие девушки;Последние новости;Париж;газета;;№2894;1929;23.02;;;;;4;;;Прожектор;;
;Соколов-Микитов И.;;Дороги;Последние новости;Париж;газета;;№2977;1929;17.05;;;;;2—3;;;Новый мир;;
;Вольнов И.;;Орел;Последние новости;Париж;газета;;№3014;1929;23.06;;;;;4;;;Красная новь;;
;Обручев С.;;С аэроплана на оленей;Последние новости;Париж;газета;;№3063;1929;11.08;;;;;5;;;Новый мир;;
;Шолохов М. А.;;Тихий Дон;Последние новости;Париж;газета;;№3370;1930;14.06;;;отрывок;Из 6 части;4;;;Красная Нива;;
;Зощенко М. М.;;Доктор медицины ;Последние новости;Париж;газета;;№3745;1931;24.06;;;;;3;;;;;
;Бобров Н.;;Собаки акад. И. П. Павлова;Последние новости;Париж;газета;;№3800;1931;18.08;;;;;4;;;Молодая гвардия;;
;Бабель И. Э.;;В подвале;Последние новости;Париж;газета;;№3918;1931;14.12;;;;;2–3;;;Новый мир;;
;Бабель И. Э.;;Конец богадельни;Последние новости;Париж;газета;;№3993;1932;27.02;;;;;2—3;;;;;
;Бабель И. Э.;;Дорога;Последние новости;Париж;газета;;№4032;1932;06.04;;;;;2;;;;;
;Зощенко М. М.;;Слабая тара;Последние новости;Париж;газета;;№4049;1932;23.04;;;;;5;;;;;
;Бабель И. Э.;;Аргамак;Последние новости;Париж;газета;;№4081;1932;25.05;;;;;3;;;Новый мир;;
;Леонов Л.;;Облава;Последние новости;Париж;газета;;№4148;1932;31.07;;;;;5;;;;;
;Леонов Л.;;Скутаревский;Последние новости;Париж;газета;;№4162;1932;14.08;;;;Матвей Никеич;4;;;Новый мир (5);;
;Ильф И. И Петров Е.;;Советский Робинзон ;Последние новости;Париж;газета;;№4238;1932;29.10;;;;;5;;;Известия;;
;Самойлович Р.;;На крайнем Севере;Последние новости;Париж;газета;;№4251;1932;11.11;;;;;3;;;Сов.сборн;;
;Ильф И. И Петров Е.;;Клоп;Последние новости;Париж;газета;;№4284;1932;14.12;;;;;2—3;;;Правда;;
;Толстой А. Н.;;Петр 1;Последние новости;Париж;газета;;№4308;1933;07.01;;;;Зимой, после стрелецких казней;4;;;Вечерняя Москва;;
;Ильф И. И Петров Е.;;Человек с гусем;Последние новости;Париж;газета;;№4323;1933;22.01;;;;;5;;;Правда(18 янв);;
;Зощенко М. М.;;Беспокойный старичок;Последние новости;Париж;газета;;№4333;1933;01.02;;;;;3;;;Крокодил;;
;Зощенко М. М.;;Врачевание и психика;Последние новости;Париж;газета;;№4341;1933;09.02;;;;;5;;;;;
;Зощенко М. М.;;Кража;Последние новости;Париж;газета;;№4375;1933;15.03;;;;;3;;;;;
;Пришвин М.;;Звери;Последние новости;Париж;газета;;№4386;1933;26.03;;;;;6;;;Новый мир;;
;Толстой А. Н.;;Петр 1;Последние новости;Париж;газета;;№4408;1933;17.04;;;;;2;;;Новый мир;;
;Зощенко М. М.;;Свадьба;Последние новости;Париж;газета;;№4421;1933;30.04;;;отрывок;;6;;;Красная новь;;
;Зощенко М. М.;;Свадьба;Последние новости;Париж;газета;;№4422;1933;01.05;;;отрывок;;3;;;Красная новь;;
;Толстой А. Н.;;Петр 1;Последние новости;Париж;газета;;№4438;1933;17.05;;;отрывок ;;3;;;Новый мир;;
;Толстой А. Н.;;Петр 1;Последние новости;Париж;газета;;№4445;1933;24.05;;;отрывок;;2—3;;;Красная новь;;
;Ильф И. И Петров Е.;;Советский юмор (футбол);Последние новости;Париж;газета;;№4448;1933;27.05;;;;;5;;;Крокодил;;
;Толстой А. Н.;;Петр 1;Последние новости;Париж;газета;;№4463;1933;11.06;;;отрывок ;;5;;;Вечерняя Москва;;
;Толстой А. Н.;;Петр 1;Последние новости;Париж;газета;;№4485;1933;03.07;;;отрывок;Карл XII, король шведский;3;;;Красная газета;;
;Толстой А. Н.;;Петр 1;Последние новости;Париж;газета;;№4505;1933;23.07;;;отрывок;;7;;;Новый мир;;
;Толстой А. Н.;;Петр 1;Последние новости;Париж;газета;;№4511;1933;29.07;;;отрывок ;;4;;;Новый мир;;
;Толстой А. Н.;;Петр 1;Последние новости;Париж;газета;;№4533;1933;20.08;;;отрывок;;5;;;Вечерняя Москва;;
;Толстой А. Н.;;Петр 1;Последние новости;Париж;газета;;№4534;1933;21.08;;;отрывок;;3;;;Вечерняя Москва;;
;Толстой А. Н.;;Петр 1;Последние новости;Париж;газета;;№4539;1933;26.08;;;отрывок;;4;;;Вечерняя Москва;;
;Толстой А. Н.;;Петр 1;Последние новости;Париж;газета;;№4540;1933;27.08;;;отрывок;;5;;;Вечерняя Москва;;
;Толстой А. Н.;;Петр 1;Последние новости;Париж;газета;;№4557;1933;13.09;;;отрывок;;3;;;Новый мир;;
;Ильф И. И Петров Е.;;Советский быт (красная парикмахерская);Последние новости;Париж;газета;;№4558;1933;14.09;;;;;5;;;;;
;Пришвин М.;;На Дальнем Востоке;Последние новости;Париж;газета;;№4565;1933;21.09;;;;;4;;;Молодая гвардия;;
;Пришвин М.;;Хромко и Игрунья (полярный роман);Последние новости;Париж;газета;;№4581;1933;07.10;;;;;5;;;Новый мир;;
;Толстой А. Н.;;Петр 1;Последние новости;Париж;газета;;№4667;1934;01.01;;;отрывок;;4;;;Новый мир;;
;Толстой А. Н.;;Петр 1;Последние новости;Париж;газета;;№4671;1934;05.01;;;отрывок;;2;;;Новый мир;;
;Толстой А. Н.;;Петр 1;Последние новости;Париж;газета;;№4706;1934;09.02;;;отрывок;;5;;;Вечерняя Москва;;
;Толстой А. Н.;;Петр 1;Последние новости;Париж;газета;;№4708;1934;11.02;;;отрывок;;6;;;Вечерняя Москва;;
;Толстой А. Н.;;Петр 1;Последние новости;Париж;газета;;№4714;1934;18.02;;;отрывок;;5;;;Красная новь;;
;Толстой А. Н.;;Петр 1;Последние новости;Париж;газета;;№4742;1934;18.03;;;отрывок;;4;;;;;
;Толстой А. Н.;;Петр 1;Последние новости;Париж;газета;;№4746;1934;22.03;;;отрывок;;2;;;Новый мир;;
;Толстой А. Н.;;Петр 1;Последние новости;Париж;газета;;№4749;1934;25.03;;;отрывок;;3;;;Новый мир;;
;Толстой А. Н.;;Петр 1;Последние новости;Париж;газета;;№4756;1934;01.04;;;отрывок;;5;;;Красная газета;;
;Толстой А. Н.;;Петр 1;Последние новости;Париж;газета;;№4763;1934;08.04;;;отрывок;;5—6;;;Литературная газета;;
;Толстой А. Н.;;Петр 1;Последние новости;Париж;газета;;№4773;1934;18.04;;;отрывок;Глава четвертая;2;;;Новый мир;;
;Толстой А. Н.;;Петр 1;Последние новости;Париж;газета;;№4777;1934;22.04;;;отрывок;;5—6;;;Новый мир;;
;Зощенко М. М.;;Рассказ про одного спекулянта;Последние новости;Париж;газета;;№4781;1934;26.04;;;;;4;;;;;
;Толстой А. Н.;;Петр 1;Последние новости;Париж;газета;;№4798;1934;13.05;;;отрывок;;3;;;Новый мир;;
;Толстой А. Н.;;Петр 1;Последние новости;Париж;газета;;№4803;1934;18.05;;;отрывок;;3;;;Новый мир;;
;Толстой А. Н.;;Петр 1;Последние новости;Париж;газета;;№4805;1934;20.05;;;отрывок;;3;;;Новый мир;;
;Толстой А. Н.;;Петр 1;Последние новости;Париж;газета;;№4807;1934;22.05;;;отрывок;;3;;;Новый мир;;
;Ильф И. И Петров Е.;;Костяная нога;Последние новости;Париж;газета;;№4809;1934;24.05;;;;;4;;;Правда;;
;Толстой А. Н.;;Петр 1;Последние новости;Париж;газета;;№4824;1934;08.06;;;отрывок;;3;;;Новый мир;;
;Толстой А. Н.;;Петр 1;Последние новости;Париж;газета;;№4826;1934;10.06;;;отрывок;;3;;;Новый мир;;
;Толстой А. Н.;;Петр 1;Последние новости;Париж;газета;;№4832;1934;16.06;;;отрывок;;3;;;Новый мир;;
;Толстой А. Н.;;Петр 1;Последние новости;Париж;газета;;№4833;1934;17.06;;;отрывок;;4;;;Новый мир;;
;Ильф И. И Петров Е.;;На купоросном фронте;Последние новости;Париж;газета;;№5054;1935;24.01;;;;;4;;;Правда;;
;Толстой А. Н.;;Встреча Петра Первого с Екатериной;Последние новости;Париж;газета;;№5134;1935;14.04;;драма;;;5—6;;;;;
;Шолохов М. А.;;Тихий Дон;Последние новости;Париж;газета;;№5136;1935;16.04;;;;;4;;;Известия;;
;Тынянов Ю.;;Пушкин;Последние новости;Париж;газета;;№5141;1935;21.04;;;отрывок;Детство;5;;;Л.С.;;
;Тынянов Ю.;;Пушкин;Последние новости;Париж;газета;;№5143;1935;23.04;;;отрывок;Детство;5;;;Л.С.;;
;Тынянов Ю.;;Пушкин;Последние новости;Париж;газета;;№5155;1935;05.05;;;отрывок;Детство;5;;;Л.С.;;
;Тынянов Ю.;;Пушкин;Последние новости;Париж;газета;;№5159;1935;09.05;;;отрывок;Детство;4;;;Л.С.;;
;Тынянов Ю.;;Пушкин;Последние новости;Париж;газета;;№5162;1935;12.05;;;отрывок;Детство;4;;;Л.С.;;
;Тынянов Ю.;;Пушкин;Последние новости;Париж;газета;;№5164;1935;14.05;;;отрывок;Детство;4;;;Л.С.;;
;Зощенко М. М.;;Баня и люди;Последние новости;Париж;газета;;№5166;1935;16.05;;;;;4;;;Крокодил;;
;Тынянов Ю.;;Пушкин;Последние новости;Париж;газета;;№5169;1935;19.05;;;отрывок;Детство;5;;;Л.С.;;
;Тынянов Ю.;;Пушкин;Последние новости;Париж;газета;;№5171;1935;21.05;;;отрывок;Детство;4;;;Л.С.;;
;Тынянов Ю.;;Пушкин;Последние новости;Париж;газета;;№5176;1935;26.05;;;отрывок;Детство;4;;;Л.С.;;
;Тынянов Ю.;;Пушкин;Последние новости;Париж;газета;;№5185;1935;04.06;;;отрывок;Детство;4;;;Л.С.;;
;Тынянов Ю.;;Пушкин;Последние новости;Париж;газета;;№5190;1935;09.06;;;отрывок;Детство;3;;;Л.С.;;
;Тынянов Ю.;;Пушкин;Последние новости;Париж;газета;;№5192;1935;11.06;;;отрывок;Детство;4;;;Л.С.;;
;Тынянов Ю.;;Пушкин;Последние новости;Париж;газета;;№5197;1935;16.06;;;отрывок;Детство;5;;;;;
;Тынянов Ю.;;Пушкин;Последние новости;Париж;газета;;№5199;1935;18.06;;;отрывок;Детство;4;;;;;
;Тынянов Ю.;;Пушкин;Последние новости;Париж;газета;;№5204;1935;23.06;;;отрывок;Детство;5;;;;;
;Тынянов Ю.;;Пушкин;Последние новости;Париж;газета;;№5206;1935;25.06;;;отрывок;Детство;4;;;;;
;Тынянов Ю.;;Пушкин;Последние новости;Париж;газета;;№5211;1935;30.06;;;отрывок;Детство;4;;;;;
;Тынянов Ю.;;Пушкин;Последние новости;Париж;газета;;№5218;1935;07.07;;;отрывок;Детство;5—6;;;;;
;Тынянов Ю.;;Пушкин;Последние новости;Париж;газета;;№5224;1935;13.07;;;отрывок;Детство;2;;;;;
;Тынянов Ю.;;Пушкин;Последние новости;Париж;газета;;№5232;1935;21.07;;;отрывок;Детство;4;;;;;
;Тынянов Ю.;;Пушкин;Последние новости;Париж;газета;;№5234;1935;23.07;;;отрывок;Детство;3;;;;;
;Тынянов Ю.;;Пушкин;Последние новости;Париж;газета;;№5239;1935;28.07;;;отрывок;Детство;4;;;;;
;Тынянов Ю.;;Пушкин;Последние новости;Париж;газета;;№5241;1935;30.07;;;отрывок;Детство;4;;;;;
;Тынянов Ю.;;Пушкин;Последние новости;Париж;газета;;№5246;1935;04.08;;;отрывок;Детство;4;;;;;
;Тынянов Ю.;;Пушкин;Последние новости;Париж;газета;;№5248;1935;06.08;;;отрывок;Детство;3;;;;;
;Тынянов Ю.;;Пушкин;Последние новости;Париж;газета;;№5253;1935;11.08;;;отрывок;Детство;4;;;;;
;Тынянов Ю.;;Пушкин;Последние новости;Париж;газета;;№5255;1935;13.08;;;отрывок;Детство;4;;;;;
;Тынянов Ю.;;Пушкин;Последние новости;Париж;газета;;№5260;1935;18.08;;;отрывок;Детство;4;;;;;
;Тынянов Ю.;;Пушкин;Последние новости;Париж;газета;;№5262;1935;20.08;;;отрывок;Детство;3, 5;;;;;
;Тынянов Ю.;;Пушкин;Последние новости;Париж;газета;;№5267;1935;25.08;;;отрывок;Детство;4;;;;;
;Тынянов Ю.;;Пушкин;Последние новости;Париж;газета;;№5281;1935;08.09;;;отрывок;Лицей;7;;;;;
;Тынянов Ю.;;Пушкин;Последние новости;Париж;газета;;№5288;1935;15.09;;;отрывок;Лицей;6;;;;;
;Тынянов Ю.;;Пушкин;Последние новости;Париж;газета;;№5295;1935;22.09;;;отрывок;Лицей;6;;;;;
;Тынянов Ю.;;Пушкин;Последние новости;Париж;газета;;№5302;1935;29.09;;;отрывок;Лицей;6;;;;;
;Тынянов Ю.;;Пушкин;Последние новости;Париж;газета;;№5330;1935;27.10;;;отрывок;Лицей;5;;;;;
;Тынянов Ю.;;Пушкин;Последние новости;Париж;газета;;№5344;1935;10.11;;;отрывок;Лицей;4;;;;;
;Тынянов Ю.;;Пушкин;Последние новости;Париж;газета;;№5351;1935;17.11;;;отрывок;Лицей;5;;;;;
;Тынянов Ю.;;Пушкин;Последние новости;Париж;газета;;№5372;1935;08.12;;;отрывок;Лицей;5;;;;;
;Тынянов Ю.;;Пушкин;Последние новости;Париж;газета;;№5386;1935;22.12;;;отрывок;Лицей;5;;;;;
;Тынянов Ю.;;Пушкин;Последние новости;Париж;газета;;№5393;1935;29.12;;;отрывок;Лицей;5;;;;;
;Тынянов Ю.;;Пушкин;Последние новости;Париж;газета;;№5400;1936;05.01;;;отрывок;Лицей;4;;;;;
;Зощенко М. М.;;Рассказ об имениннице;Последние новости;Париж;газета;;№5511;1936;25.04;;;;;5;;;;;
;Колосов А.;;Случай на лугу (советский быт) ;Последние новости;Париж;газета;;№5630;1936;23.08;;;;;6;;;Правда;;
;;;;;;;;;;;;;;;;;;;;
;;;;;;;;;;;;;;;;;;;;
;Волошин Максимилиан;;Неопалимая купина;Руль;Берлин;газета;;;1920;09.12;;стихи;;;3;;;;;
;Булгаков Михаил;;Конец белой гвардии;Книга для всех;Рига;издательство;;;1929;;;;;;;;;;;
;Булгаков Михаил;;Роковыя яйца;Литература ;Рига;издательство;;;1928;;;;;;;;;;;
;Зощенко Мих.;;Веселая жизнь ;Очарованный странник;Париж;издательство;;;1926;;;;;;;;;;;
;Зощенко Мих.;;Нервные люди;Миф;Рига;издательство;;;1928;;;;;;;;;;;
;Катаев Валентин;;Меня бабы любят ;Очарованный странник;Париж;издательство;;;1927;;;;;;;;;;;
;Леонов Л.;;Гибель Егорушки;Очарованный странник;Париж;издательство;;;1924;;;;;;;;;;;
;"Пильняк Б. А.
";;Былье;Библиофил;Равель;издательство;;;1922;;;;;;;;;;;
;;;;;;;;;;;;;;;;;;;;
;Алексеев Г. ;;Бабьи посиделки ;Книга для всех;Берлин;издательство;;№83;;;;;;;;;;;;
;Ахматова Анна;;Четки;С. Ефрон;Берлин;издательство;;;;;;;;;;;;;;
